P@5,P@10,R@5,R@10,MRR,nDCG@10,alpha
0.12619999999999998,0.0667,0.631,0.667,0.5598904761904762,0.5857748620315817,0.0
0.13839999999999997,0.0722,0.692,0.722,0.6340007936507936,0.6552438462134145,0.1
0.14739999999999998,0.078,0.737,0.78,0.6892027777777778,0.7106751674718415,0.2
0.15880000000000002,0.0828,0.794,0.828,0.7315150793650794,0.7547896445850215,0.3
0.1638,0.085,0.819,0.85,0.7615178571428571,0.7829116887111263,0.4
0.1668,0.0865,0.834,0.865,0.7791075396825398,0.7998131501520017,0.5
0.168,0.0865,0.84,0.865,0.7878126984126984,0.8065024179918573,0.6
0.169,0.0869,0.845,0.869,0.7913277777777777,0.8101024616120464,0.7
0.169,0.0872,0.845,0.872,0.7914111111111111,0.8108830544514749,0.8
0.1692,0.0874,0.846,0.874,0.7902769841269841,0.8104941457076611,0.9
0.1688,0.088,0.844,0.88,0.7913234126984127,0.8125461396423899,1.0
