comparison,baseline,metric,mean_baseline,mean_comparison,mean_diff,wins,losses,ties,wilcoxon_stat,wilcoxon_p,paired_t_stat,paired_t_p,significant_005,significant_001,holm_p,significant_holm_005
Evidence-aware BM25,BM25,MRR@10,0.7711738095238095,0.7714654761904762,0.00029166666666666664,3,1,1996,2.5,0.5,1.0435215907269926,0.2968329630506294,False,False,1.0,False
Evidence-aware BM25,BM25,nDCG@10,0.791743201279914,0.7919623981240916,0.00021919684417757472,3,1,1996,2.5,0.5,1.047078174049584,0.29519011050721233,False,False,1.0,False
Evidence-aware BM25,BM25,P@5,0.1647,0.1647,0.0,0,0,2000,0.0,1.0,0.0,1.0,False,False,1.0,False
Evidence-aware BM25,BM25,R@10,0.8565,0.8565,0.0,0,0,2000,0.0,1.0,0.0,1.0,False,False,1.0,False
TF-IDF,BM25,MRR@10,0.7711738095238095,0.7515936507936508,-0.01958015873015873,85,186,1729,10491.5,7.352975789218342e-10,-6.212314764885506,6.334728311465988e-10,True,True,8.490057652986065e-09,True
TF-IDF,BM25,nDCG@10,0.791743201279914,0.7752138471063684,-0.016529354173545632,85,186,1729,10482.5,7.075048044155055e-10,-6.218887724839627,6.079837171931609e-10,True,True,8.490057652986065e-09,True
TF-IDF,BM25,P@5,0.1647,0.1625,-0.0022,14,36,1950,357.0,0.00186284629798189,-3.118046748067123,0.0018464693502186391,True,True,0.01490277038385512,True
TF-IDF,BM25,R@10,0.8565,0.8495,-0.007,17,31,1952,416.5,0.043308142810791976,-2.0222861694359215,0.04327973718332671,True,False,0.3031569996755438,False
Rank fusion (BM25 + TF-IDF),BM25,MRR@10,0.7711738095238095,0.7622922619047618,-0.00888154761904762,75,123,1802,6672.5,7.880200830542801e-05,-3.9520614493619317,8.017333771951321e-05,True,True,0.0007880200830542801,True
Rank fusion (BM25 + TF-IDF),BM25,nDCG@10,0.791743201279914,0.7849205313387455,-0.006822669941168593,75,123,1802,6863.0,0.0002061470716664701,-3.6282814549959506,0.0002924738511731421,True,True,0.001855323644998231,True
Rank fusion (BM25 + TF-IDF),BM25,P@5,0.1647,0.16460000000000002,-0.0001,8,9,1983,72.0,0.8083651559145103,-0.24247854943618125,0.8084342507185811,False,False,1.0,False
Rank fusion (BM25 + TF-IDF),BM25,R@10,0.8565,0.856,-0.0005,15,16,1969,240.0,0.8574624419592412,-0.17956184317241836,0.8575147608792913,False,False,1.0,False
